"Weborders";"CAT"
644489;CAT1
644488;CAT1
640601;CAT4
640526;CAT4
640525;CAT1
640482;CAT4
640475;CAT2
640472;CAT1
640469;CAT1
640464;CAT2
637162;CAT1
636951;CAT2
636657;CAT2
636656;CAT4
636654;CAT1
636653;CAT1
636649;CAT1
636290;CAT4
636264;CAT4
636248;CAT1
636238;CAT1
627094;CAT4
627084;CAT1
627080;CAT1
627070;CAT1
627062;CAT4
625664;CAT2
623800;CAT4
623797;CAT1
623793;CAT1
618148;CAT2
618141;CAT1
618133;CAT2
618125;CAT2
618110;CAT2
616100;CAT1
609417;CAT2
609407;CAT2
609405;CAT2
609403;CAT2
609390;CAT4
609387;CAT4
579262;CAT1
579260;CAT1
579151;CAT1
579149;CAT1
566610;CAT4
644490;CAT4
